<?xml version="1.0" encoding="UTF-8"?>
<metadata xml:lang="en"><Esri><CreaDate>20121202</CreaDate><CreaTime>22284500</CreaTime><ArcGISFormat>1.0</ArcGISFormat><ArcGISstyle>ISO 19139 Metadata Implementation Specification</ArcGISstyle><SyncOnce>TRUE</SyncOnce><DataProperties><lineage><Process ToolSource="C:\Program Files\ArcGIS\Desktop10.0\ArcToolbox\Toolboxes\Data Management Tools.tbx\AddSpatialIndex" Date="20121202" Time="222845">AddSpatialIndex Q:\Teams\GIS&amp;I\GIS\Processing\ONS\Census2011\Output\v2lastones\LSOA\Shapefile\LSOA_2011_BGC_London\LSOA_2011_BGC_Barnet.shp 0 0 0</Process></lineage></DataProperties></Esri></metadata>
